{"t8OStwKxsHGr/EuZibmfqg==":"blockchain-ads_favicon200x200-121x121.png","VnubVTQjsSadLffcJbpIPQ==":"header%20test-1280x768.jpg","n9Wcp0zEFQyTOHNrSCLhRQ==":"header%20test-1280x768.jpg","cKc1S19JJHQ6U4nMtD7hwQ==":"header%20test-1280x768.jpg","PmD9SsWKI2YkUILunS6zBQ==":"header%20test-1280x768.jpg","Kyg3ZAr+ioDEuyYmZDATdA==":"header%20test2-1280x768.jpg","z7XijZH8o/P/J0vu5GcOaw==":"header%20test2-1280x768.jpg","wuMMo2ycB4cGDjAUrmyMwQ==":"header%20test2-1280x768.jpg","+x1m2BZHRxxsOZiVyEHDrw==":"header%20test2-1280x768.jpg","P3IYxuS4RlcueP7RlEj7Pg==":"blockchain-3448502-1280-1280x768.jpg","bx0mCxT0ptTsM9WERBwsvQ==":"blockchain%20logo%20transparent-668x334.png","WzvPD8vbEfynOxfp1yPHDQ==":"blockchain%20logo%20transparent-668x334.png","JLKS6monyyYDmIFGzhKBOw==":"blockchain%20ads%20favicon%20zoom%20out-242x232.png","SmeRql+tB+uXtAe4Qr1u4w==":"design5.jpg","D3+jBWNDcluEcdKxoafnWg==":"bg1.jpg","9BXfNevHYvbiYPRyHdOZ+A==":"mbr-favicon.png","99kAYw69bp3cu7A7hwRqCg==":"mbr-1920x1280.jpg","ouqWKykPiiBOmicwHdmeOA==":"screen%20shot%202565-10-03%20at%2019.47.16-2000x1069.png"}